task,C,d,seed,target,arrangement,surface,queries,shadows,n_candidates,tpr_at_0_1pct,tpr_at_1pct,auc
ag_news,4,768,42,-1,disclosed,gap,1,0,2000,0.0,0.0,0.2385
ag_news,4,768,42,-1,disclosed,disclosed,0,64,2000,0.0,0.008,0.4763
ag_news,4,768,43,-1,disclosed,gap,1,0,2000,0.015,0.02,0.6886
ag_news,4,768,43,-1,disclosed,disclosed,0,64,2000,0.004,0.017,0.5179
ag_news,4,768,44,-1,disclosed,gap,1,0,2000,0.0,0.0,0.5501
ag_news,4,768,44,-1,disclosed,disclosed,0,64,2000,0.001,0.004,0.4987
banking77,77,768,42,-1,disclosed,gap,1,0,2000,0.0,0.0,0.3076
banking77,77,768,42,-1,disclosed,disclosed,0,64,2000,0.01,0.043,0.5769
banking77,77,768,43,-1,disclosed,gap,1,0,2000,0.008,0.013,0.6947
banking77,77,768,43,-1,disclosed,disclosed,0,64,2000,0.021,0.044,0.5805
banking77,77,768,44,-1,disclosed,gap,1,0,2000,0.006,0.086,0.6852
banking77,77,768,44,-1,disclosed,disclosed,0,64,2000,0.016,0.053,0.5787
cifar100,100,768,42,-1,disclosed,gap,1,0,2000,0.0,0.0,0.2855
cifar100,100,768,42,-1,disclosed,disclosed,0,64,2000,0.033,0.085,0.7008
cifar100,100,768,43,-1,disclosed,gap,1,0,1998,0.0,0.0,0.2604
cifar100,100,768,43,-1,disclosed,disclosed,0,64,1998,0.002,0.07207,0.6774
cifar100,100,768,44,-1,disclosed,gap,1,0,1998,0.0,0.0,0.2538
cifar100,100,768,44,-1,disclosed,disclosed,0,64,1998,0.00801,0.08509,0.6914
dbpedia_14,14,768,42,-1,disclosed,gap,1,0,2000,0.0,0.0,0.1232
dbpedia_14,14,768,42,-1,disclosed,disclosed,0,64,2000,0.002,0.016,0.4921
dbpedia_14,14,768,43,-1,disclosed,gap,1,0,2000,0.0,0.0,0.0809
dbpedia_14,14,768,43,-1,disclosed,disclosed,0,64,2000,0.004,0.013,0.5074
dbpedia_14,14,768,44,-1,disclosed,gap,1,0,2000,0.0,0.0,0.1113
dbpedia_14,14,768,44,-1,disclosed,disclosed,0,64,2000,0.0,0.009,0.5171
