d,C,d_padded,c_padded,slots,n_parties,eval_logN,btp_logN,residual_max_level,head_values,head_ciphertexts_per_arrangement,ciphertext_bytes,upload_bytes_per_arrangement,upload_bytes_per_client,agg_chain_ciphertext_bytes,upload_bytes_per_client_agg_chain,client_encrypt_ms,server_additions,server_add_ms,server_recip_mul_ms,merge_rel_l2,galois_keys,galois_key_bytes_total,eval_keygen_ms,query_encrypt_ms,query_upload_bytes,head_ct_ct_products,head_rotations,head_apply_ms,argmax_measured,argmax_ms,server_bootstraps,in_bootstrap_ms,key_switch_ms,key_switch_share_bytes,label_download_bytes,querier_decrypt_ms,query_total_ms,plaintext_label,served_label,label_agree,scaled_margin,smudge_log2_sigma
768,4,1024,4,16384,10,15,16,8,3076,1,4719038,4719038,14157114,4194734,12584202,45.4,10,15.1,70.7,1.478e-08,14,403717888,2047.5,44.4,4719038,4,43,2245.3,true,440498.7,19,430259.7,257.5,2097518,2097518,34.5,443080.4,3,3,true,0.389171,4.678
1024,4,2048,4,16384,10,15,16,8,4100,1,4719038,4719038,14157114,4194734,12584202,46.5,10,17.9,70.0,1.696e-08,15,432554880,2308.7,45.3,4719038,4,47,2458.4,true,445522.4,19,435153.1,246.1,2097518,2097518,32.9,448305.1,1,1,true,0.135106,4.678
2048,4,4096,4,16384,10,15,16,8,8196,1,4719038,4719038,14157114,4194734,12584202,47.9,10,20.9,70.7,2.244e-08,16,461391872,2428.2,46.8,4719038,4,51,2639.8,true,442389.2,19,432059.3,256.1,2097518,2097518,33.5,445365.3,1,1,true,0.283887,4.678
4096,4,8192,4,16384,10,15,16,8,16388,2,4719038,9438076,23595190,4194734,20973670,96.2,20,35.5,144.6,3.146e-08,17,490228864,2581.5,48.3,4719038,4,55,2831.9,true,443862.7,19,433527.9,246.9,2097518,2097518,32.6,447022.4,3,3,true,0.289927,4.678
768,14,1024,16,16384,10,15,16,8,10766,1,4719038,4719038,14157114,4194734,12584202,49.1,10,18.4,73.9,1.440e-08,24,692087808,3591.0,47.4,4719038,14,153,8168.4,true,910829.7,39,890241.8,258.1,2097518,2097518,33.8,919337.4,12,12,true,0.024892,4.678
1024,14,2048,16,16384,10,15,16,8,14350,1,4719038,4719038,14157114,4194734,12584202,47.2,10,18.0,69.9,1.658e-08,25,720924800,3645.8,47.2,4719038,14,167,8638.2,true,912847.1,39,892097.0,255.5,2097518,2097518,34.5,921822.5,1,1,true,0.017324,4.678
2048,14,4096,16,16384,10,15,16,8,28686,2,4719038,9438076,23595190,4194734,20973670,96.3,20,35.9,144.6,2.269e-08,26,749761792,3803.7,48.5,4719038,14,181,9389.3,true,908847.3,39,888317.7,254.4,2097518,2097518,33.5,918573.0,10,10,true,0.048537,4.678
4096,14,8192,16,16384,10,15,16,8,57358,4,4719038,18876152,42471342,4194734,37752606,193.0,40,70.1,288.1,3.168e-08,27,778598784,3922.3,48.0,4719038,14,195,10121.4,true,910859.4,39,890265.0,246.7,2097518,2097518,32.4,921307.9,2,2,true,0.133369,4.678
768,77,1024,128,16384,10,15,16,8,59213,4,4719038,18876152,42471342,4194734,37752606,189.3,40,69.9,280.7,1.441e-08,87,2508818304,12211.3,46.6,4719038,77,846,44463.8,true,1605816.1,69,1569967.1,258.9,2097518,2097518,33.7,1650619.0,58,58,true,0.038214,4.678
1024,77,2048,128,16384,10,15,16,8,78925,5,4719038,23595190,51909418,4194734,46142074,239.1,50,85.3,350.1,1.630e-08,88,2537655296,12446.1,47.9,4719038,77,923,47968.2,true,1620254.1,69,1583927.6,260.2,2097518,2097518,33.5,1668563.9,31,31,true,0.023502,4.678
2048,77,4096,128,16384,10,15,16,8,157773,10,4719038,47190380,99099798,4194734,88089414,490.0,100,179.0,719.1,2.275e-08,89,2566492288,12820.9,46.1,4719038,77,1000,53576.8,true,1667469.2,69,1630064.3,272.3,2097518,2097518,35.9,1721400.3,70,70,true,0.013270,4.678
4096,77,8192,128,16384,10,15,16,8,315469,20,4719038,94380760,193480558,4194734,171984094,1016.7,200,399.7,1461.4,3.177e-08,90,2595329280,13206.8,51.4,4719038,77,1077,57582.9,true,1664223.8,69,1626857.9,262.0,2097518,2097518,36.4,1722156.6,57,57,true,0.031039,4.678
768,100,1024,128,16384,10,15,16,8,76900,5,4719038,23595190,51909418,4194734,46142074,250.8,50,90.6,361.7,1.449e-08,110,3172069120,16109.0,48.8,4719038,100,1099,60366.3,true,1652376.9,69,1615320.4,260.8,2097518,2097518,36.1,1713088.9,4,4,true,0.018111,4.678
1024,100,2048,128,16384,10,15,16,8,102500,7,4719038,33033266,70785570,4194734,62921010,358.5,70,160.8,528.2,1.643e-08,111,3200906112,16303.7,52.7,4719038,100,1199,65575.6,true,1653846.7,69,1616699.3,263.3,2097518,2097518,35.7,1719774.0,52,52,true,0.056535,4.678
2048,100,4096,128,16384,10,15,16,8,204900,13,4719038,61347494,127414026,4194734,113257818,640.8,130,235.4,932.8,2.277e-08,112,3229743104,16221.5,51.1,4719038,100,1299,69446.6,true,1644343.7,69,1607359.1,262.5,2097518,2097518,35.7,1714139.7,13,13,true,0.122734,4.678
4096,100,8192,128,16384,10,15,16,8,409700,26,4719038,122694988,250109014,4194734,222320902,1319.7,260,462.6,1913.1,3.188e-08,113,3258580096,16367.1,49.1,4719038,100,1399,74734.9,true,1650840.3,69,1613572.0,263.1,2097518,2097518,35.5,1725922.9,0,0,true,0.079057,4.678
