task,arrangement,n_parties,logN,log_scale,C,d,test_index,true_label,plaintext_label,encrypted_label,agree,plaintext_margin,scaled_margin,gamma,decoded_index,index_abs_error,collective_refreshes,head_apply_ms,argmax_ms,key_switch_ms,total_ms,other_slots_max_abs
ag_news,A,10,15,45,4,768,56,0,0,0,true,0.378855,0.068486,0.18076980,-0.000000,1.982e-08,11,5344.3,33777.7,531.3,39730.2,1.803e-08
ag_news,A,10,15,45,4,768,335,2,2,2,true,0.075265,0.013606,0.18076980,2.000000,4.229e-08,11,5336.7,33164.1,519.5,39096.5,1.921e-08
ag_news,A,10,15,45,4,768,443,0,0,0,true,0.481804,0.087096,0.18076980,-0.000000,3.198e-08,11,5218.9,32729.9,506.3,38527.9,1.736e-08
ag_news,A,10,15,45,4,768,925,3,3,3,true,0.449719,0.081296,0.18076980,3.000000,3.685e-08,11,5223.0,33286.4,517.9,39100.1,2.055e-08
ag_news,A,10,15,45,4,768,1473,2,2,2,true,0.145881,0.026371,0.18076980,2.000000,3.392e-08,11,5234.1,33161.7,505.4,38974.2,1.680e-08
ag_news,A,10,15,45,4,768,1950,1,1,1,true,0.358789,0.064858,0.18076980,1.000000,1.919e-08,11,5103.4,32582.8,505.3,38261.6,1.790e-08
ag_news,A,10,15,45,4,768,2343,0,0,0,true,0.110535,0.019981,0.18076980,-0.000000,1.338e-08,11,5210.1,33625.2,527.7,39436.7,1.955e-08
ag_news,A,10,15,45,4,768,2644,1,1,1,true,0.403693,0.072976,0.18076980,1.000000,2.930e-08,11,5173.6,32830.9,510.9,38587.7,1.736e-08
ag_news,A,10,15,45,4,768,2868,0,2,2,true,0.103666,0.018740,0.18076980,2.000000,2.755e-08,11,5212.5,32981.9,515.0,38782.3,1.922e-08
ag_news,A,10,15,45,4,768,2944,3,3,3,true,0.579592,0.104773,0.18076980,3.000000,3.252e-08,11,5274.5,32583.5,509.1,38444.0,1.591e-08
ag_news,A,10,15,45,4,768,3257,2,2,2,true,0.037456,0.006771,0.18076980,2.000000,3.090e-08,11,5133.7,32805.9,504.1,38514.1,1.667e-08
ag_news,A,10,15,45,4,768,3454,0,1,1,true,0.053299,0.009635,0.18076980,1.000000,2.928e-08,11,5124.8,32546.0,533.6,38276.1,1.658e-08
ag_news,A,10,15,45,4,768,3930,2,2,2,true,0.804991,0.145518,0.18076980,2.000000,2.587e-08,11,5470.4,33033.1,522.4,39100.3,1.781e-08
ag_news,A,10,15,45,4,768,4368,1,1,1,true,0.160512,0.029016,0.18076980,1.000000,2.024e-08,11,5119.1,32809.2,526.7,38527.3,1.834e-08
ag_news,A,10,15,45,4,768,4570,2,2,2,true,0.444663,0.080382,0.18076980,2.000000,2.099e-08,11,5464.6,32969.7,509.3,39017.6,1.936e-08
ag_news,A,10,15,45,4,768,4812,3,3,3,true,0.330826,0.059803,0.18076980,3.000000,4.356e-08,11,5218.1,32756.0,505.2,38550.4,1.591e-08
ag_news,B,10,15,45,4,768,56,0,2,2,true,1.709247,0.147625,0.08636835,2.000000,2.064e-08,11,5221.2,35359.5,599.9,41255.8,1.732e-08
ag_news,B,10,15,45,4,768,335,2,2,2,true,2.666770,0.230324,0.08636835,2.000000,2.852e-08,11,5407.2,32828.6,528.9,38870.8,1.665e-08
ag_news,B,10,15,45,4,768,443,0,2,2,true,3.293804,0.284480,0.08636835,2.000000,3.454e-08,11,5418.2,32972.4,505.4,38980.1,1.556e-08
ag_news,B,10,15,45,4,768,925,3,3,3,true,0.532878,0.046024,0.08636835,3.000000,3.326e-08,11,5032.3,32599.5,497.3,38204.2,1.726e-08
ag_news,B,10,15,45,4,768,1473,2,2,2,true,5.044425,0.435679,0.08636835,2.000000,2.978e-08,11,5096.4,33580.3,495.7,39242.7,2.294e-08
ag_news,B,10,15,45,4,768,1950,1,2,2,true,1.035361,0.089422,0.08636835,2.000000,3.527e-08,11,5005.5,32216.5,498.4,37789.7,1.674e-08
ag_news,B,10,15,45,4,768,2343,0,2,2,true,4.008790,0.346233,0.08636835,2.000000,3.154e-08,11,5096.0,34655.7,579.9,40402.9,2.156e-08
ag_news,B,10,15,45,4,768,2644,1,2,2,true,1.481874,0.127987,0.08636835,2.000000,2.902e-08,11,4969.1,33141.5,501.7,38683.4,1.704e-08
ag_news,B,10,15,45,4,768,2868,0,2,2,true,4.030577,0.348114,0.08636835,2.000000,2.506e-08,11,5177.4,33468.6,500.3,39218.5,2.280e-08
ag_news,B,10,15,45,4,768,2944,3,3,3,true,2.336925,0.201836,0.08636835,3.000000,2.704e-08,11,5101.8,31784.9,495.0,37452.0,1.656e-08
ag_news,B,10,15,45,4,768,3257,2,2,2,true,2.678456,0.231334,0.08636835,2.000000,3.320e-08,11,5018.8,32706.5,511.0,38305.6,1.856e-08
ag_news,B,10,15,45,4,768,3454,0,2,2,true,2.998963,0.259015,0.08636835,2.000000,1.940e-08,11,5115.6,31803.9,552.8,37544.0,1.670e-08
ag_news,B,10,15,45,4,768,3930,2,2,2,true,4.811707,0.415579,0.08636835,2.000000,3.371e-08,11,5722.2,32633.6,495.1,38928.5,1.752e-08
ag_news,B,10,15,45,4,768,4368,1,2,2,true,0.679905,0.058722,0.08636835,2.000000,3.367e-08,11,5097.8,33111.6,555.0,38835.5,1.541e-08
ag_news,B,10,15,45,4,768,4570,2,2,2,true,4.776322,0.412523,0.08636835,2.000000,2.522e-08,11,5772.6,33213.8,506.2,39573.1,1.659e-08
ag_news,B,10,15,45,4,768,4812,3,3,3,true,0.688720,0.059484,0.08636835,3.000000,2.791e-08,11,5237.7,32434.3,498.0,38242.2,1.660e-08
