C,c_padded,tournament_rounds,rep,variant,sigma_setting,smudge_sigma,smudge_log2_sigma,n_parties,eval_logN,btp_logN,residual_max_level,ct_level,ct_log2_scale,pre_ks_log2_inf,pre_ks_log2_std,slot_err_label,tie_slots,slot_err_max_clean,slot_err_max_tie,post_ks_log2_std_mean,plaintext_label,ks_trials,ks_label_agree,label_equal,decoded_index_worst,index_abs_error_max,extra_slots_readable,extra_slots_total,encrypt_ms,argmax_ms,server_bootstraps,in_bootstrap_ms,mask_ms,mask_bootstraps,key_switch_ms_mean,querier_decrypt_ms_mean,total_ms,key_switch_share_bytes
4,4,2,0,paper_path,8xDefaultNoise,25.6,4.678,10,15,16,8,3,45.000,37.642,35.603,4.979e-06,16377,5.585e-06,3.750e-01,35.603,1,10,10,true,0.999980,1.992e-05,4,4,58.4,453429.1,18,442542.0,0.0,0,263.7,34.9,453786.1,2097518
4,4,2,0,paper_path,2^25,3.35544e+07,25.000,10,15,16,8,3,45.000,37.642,35.603,4.979e-06,16377,5.585e-06,3.750e-01,35.603,1,10,10,true,0.997585,2.415e-03,4,4,58.4,453429.1,18,442542.0,0.0,0,264.9,34.3,453786.8,2097518
4,4,2,0,label_masked,8xDefaultNoise,25.6,4.678,10,15,16,8,2,45.000,13.446,12.885,4.979e-06,0,4.979e-06,0.000e+00,12.885,1,10,10,true,0.999980,1.992e-05,0,4,58.4,453429.1,18,442542.0,14.1,0,225.6,34.9,453762.1,1573214
4,4,2,0,label_masked,2^25,3.35544e+07,25.000,10,15,16,8,2,45.000,13.446,12.885,4.979e-06,0,4.979e-06,0.000e+00,26.664,1,10,10,true,1.003538,3.538e-03,0,4,58.4,453429.1,18,442542.0,14.1,0,218.7,30.9,453751.3,1573214
4,4,2,1,paper_path,8xDefaultNoise,25.6,4.678,10,15,16,8,3,45.000,37.756,35.590,5.001e-06,16377,5.591e-06,3.750e-01,35.590,1,10,10,true,0.999980,2.001e-05,4,4,53.7,454101.2,18,443178.9,0.0,0,260.1,32.2,454447.1,2097518
4,4,2,1,paper_path,2^25,3.35544e+07,25.000,10,15,16,8,3,45.000,37.756,35.590,5.001e-06,16377,5.591e-06,3.750e-01,35.590,1,10,10,true,0.996818,3.182e-03,4,4,53.7,454101.2,18,443178.9,0.0,0,259.9,31.6,454446.3,2097518
4,4,2,1,label_masked,8xDefaultNoise,25.6,4.678,10,15,16,8,2,45.000,13.443,12.891,5.001e-06,0,5.001e-06,0.000e+00,12.891,1,10,10,true,0.999980,2.001e-05,0,4,53.7,454101.2,18,443178.9,14.0,0,218.8,27.7,454415.3,1573214
4,4,2,1,label_masked,2^25,3.35544e+07,25.000,10,15,16,8,2,45.000,13.443,12.891,5.001e-06,0,5.001e-06,0.000e+00,26.658,1,10,10,true,1.002807,2.807e-03,0,4,53.7,454101.2,18,443178.9,14.0,0,222.1,29.5,454420.4,1573214
4,4,2,2,paper_path,8xDefaultNoise,25.6,4.678,10,15,16,8,3,45.000,37.765,35.588,5.108e-06,16377,5.677e-06,3.750e-01,35.588,1,10,10,true,0.999980,2.044e-05,4,4,53.6,436654.5,18,426145.6,0.0,0,255.0,31.5,436994.6,2097518
4,4,2,2,paper_path,2^25,3.35544e+07,25.000,10,15,16,8,3,45.000,37.765,35.588,5.108e-06,16377,5.677e-06,3.750e-01,35.588,1,10,10,true,1.002642,2.642e-03,4,4,53.6,436654.5,18,426145.6,0.0,0,255.4,31.4,436994.9,2097518
4,4,2,2,label_masked,8xDefaultNoise,25.6,4.678,10,15,16,8,2,45.000,13.466,12.921,5.108e-06,0,5.108e-06,0.000e+00,12.922,1,10,10,true,0.999980,2.043e-05,0,4,53.6,436654.5,18,426145.6,11.8,0,213.4,27.0,436960.3,1573214
4,4,2,2,label_masked,2^25,3.35544e+07,25.000,10,15,16,8,2,45.000,13.466,12.921,5.108e-06,0,5.108e-06,0.000e+00,26.661,1,10,10,true,1.001949,1.949e-03,0,4,53.6,436654.5,18,426145.6,11.8,0,214.3,27.6,436961.8,1573214
6,8,3,0,paper_path,8xDefaultNoise,25.6,4.678,10,15,16,8,3,45.000,37.695,35.660,1.665e-05,16371,1.731e-05,4.375e-01,35.660,2,10,10,true,1.999867,1.332e-04,10,10,46.1,694382.9,28,678158.3,0.0,0,257.1,31.6,694717.7,2097518
6,8,3,0,paper_path,2^25,3.35544e+07,25.000,10,15,16,8,3,45.000,37.695,35.660,1.665e-05,16371,1.731e-05,4.375e-01,35.660,2,10,10,true,2.005719,5.719e-03,10,10,46.1,694382.9,28,678158.3,0.0,0,257.0,31.4,694717.4,2097518
6,8,3,0,label_masked,8xDefaultNoise,25.6,4.678,10,15,16,8,2,45.000,15.145,14.626,1.665e-05,0,1.665e-05,0.000e+00,14.626,2,10,10,true,1.999867,1.332e-04,0,10,46.1,694382.9,28,678158.3,12.6,0,215.3,27.1,694684.0,1573214
6,8,3,0,label_masked,2^25,3.35544e+07,25.000,10,15,16,8,2,45.000,15.145,14.626,1.665e-05,0,1.665e-05,0.000e+00,26.661,2,10,10,true,1.996110,3.890e-03,0,10,46.1,694382.9,28,678158.3,12.6,0,215.2,27.5,694684.3,1573214
6,8,3,1,paper_path,8xDefaultNoise,25.6,4.678,10,15,16,8,3,45.000,37.790,35.652,1.649e-05,16371,1.714e-05,4.375e-01,35.652,2,10,10,true,1.999868,1.320e-04,10,10,53.4,692386.7,28,676233.8,0.0,0,265.4,34.9,692740.4,2097518
6,8,3,1,paper_path,2^25,3.35544e+07,25.000,10,15,16,8,3,45.000,37.790,35.652,1.649e-05,16371,1.714e-05,4.375e-01,35.652,2,10,10,true,2.005182,5.182e-03,10,10,53.4,692386.7,28,676233.8,0.0,0,265.9,34.5,692740.5,2097518
6,8,3,1,label_masked,8xDefaultNoise,25.6,4.678,10,15,16,8,2,45.000,15.129,14.612,1.649e-05,0,1.649e-05,0.000e+00,14.612,2,10,10,true,1.999868,1.320e-04,0,10,53.4,692386.7,28,676233.8,12.8,0,220.5,28.0,692701.4,1573214
6,8,3,1,label_masked,2^25,3.35544e+07,25.000,10,15,16,8,2,45.000,15.129,14.612,1.649e-05,0,1.649e-05,0.000e+00,26.660,2,10,10,true,2.005331,5.331e-03,0,10,53.4,692386.7,28,676233.8,12.8,0,220.1,28.5,692701.5,1573214
6,8,3,2,paper_path,8xDefaultNoise,25.6,4.678,10,15,16,8,3,45.000,37.704,35.655,1.675e-05,16371,1.741e-05,4.375e-01,35.655,2,10,10,true,1.999866,1.340e-04,10,10,50.3,693320.3,28,677182.9,0.0,0,255.0,31.2,693656.8,2097518
6,8,3,2,paper_path,2^25,3.35544e+07,25.000,10,15,16,8,3,45.000,37.704,35.655,1.675e-05,16371,1.741e-05,4.375e-01,35.655,2,10,10,true,1.993452,6.548e-03,10,10,50.3,693320.3,28,677182.9,0.0,0,255.4,31.4,693657.3,2097518
6,8,3,2,label_masked,8xDefaultNoise,25.6,4.678,10,15,16,8,2,45.000,15.150,14.635,1.675e-05,0,1.675e-05,0.000e+00,14.635,2,10,10,true,1.999866,1.340e-04,0,10,50.3,693320.3,28,677182.9,11.9,0,214.4,26.8,693623.6,1573214
6,8,3,2,label_masked,2^25,3.35544e+07,25.000,10,15,16,8,2,45.000,15.150,14.635,1.675e-05,0,1.675e-05,0.000e+00,26.659,2,10,10,true,1.990904,9.096e-03,0,10,50.3,693320.3,28,677182.9,11.9,0,215.1,27.1,693624.6,1573214
14,16,4,0,paper_path,8xDefaultNoise,25.6,4.678,10,15,16,8,3,45.000,37.814,35.681,3.168e-05,16355,3.183e-05,4.688e-01,35.681,10,10,10,true,9.999493,5.069e-04,26,26,47.0,893833.1,38,873052.9,0.0,0,254.5,31.4,894166.0,2097518
14,16,4,0,paper_path,2^25,3.35544e+07,25.000,10,15,16,8,3,45.000,37.814,35.681,3.168e-05,16355,3.183e-05,4.688e-01,35.681,10,10,10,true,9.994924,5.076e-03,26,26,47.0,893833.1,38,873052.9,0.0,0,255.5,31.6,894167.3,2097518
14,16,4,0,label_masked,8xDefaultNoise,25.6,4.678,10,15,16,8,2,45.000,16.062,15.554,3.168e-05,0,3.168e-05,0.000e+00,15.554,10,10,10,true,9.999493,5.069e-04,0,26,47.0,893833.1,38,873052.9,11.4,0,214.5,27.3,894133.3,1573214
14,16,4,0,label_masked,2^25,3.35544e+07,25.000,10,15,16,8,2,45.000,16.062,15.554,3.168e-05,0,3.168e-05,0.000e+00,26.659,10,10,10,true,10.013176,1.318e-02,0,26,47.0,893833.1,38,873052.9,11.4,0,215.1,27.4,894134.1,1573214
14,16,4,1,paper_path,8xDefaultNoise,25.6,4.678,10,15,16,8,3,45.000,37.662,35.667,3.153e-05,16355,3.174e-05,4.688e-01,35.667,10,10,10,true,9.999496,5.045e-04,26,26,48.3,892942.0,38,872215.8,0.0,0,252.9,31.2,893274.4,2097518
14,16,4,1,paper_path,2^25,3.35544e+07,25.000,10,15,16,8,3,45.000,37.662,35.667,3.153e-05,16355,3.174e-05,4.688e-01,35.667,10,10,10,true,9.988278,1.172e-02,26,26,48.3,892942.0,38,872215.8,0.0,0,253.9,31.2,893275.3,2097518
14,16,4,1,label_masked,8xDefaultNoise,25.6,4.678,10,15,16,8,2,45.000,16.057,15.547,3.153e-05,0,3.153e-05,0.000e+00,15.547,10,10,10,true,9.999495,5.045e-04,0,26,48.3,892942.0,38,872215.8,11.5,0,212.7,26.9,893241.4,1573214
14,16,4,1,label_masked,2^25,3.35544e+07,25.000,10,15,16,8,2,45.000,16.057,15.547,3.153e-05,0,3.153e-05,0.000e+00,26.664,10,10,10,true,9.991902,8.098e-03,0,26,48.3,892942.0,38,872215.8,11.5,0,212.5,27.1,893241.4,1573214
14,16,4,2,paper_path,8xDefaultNoise,25.6,4.678,10,15,16,8,3,45.000,37.763,35.678,3.138e-05,16355,3.158e-05,4.688e-01,35.678,10,10,10,true,9.999498,5.021e-04,26,26,48.7,893379.5,38,872620.0,0.0,0,255.0,31.3,893714.5,2097518
14,16,4,2,paper_path,2^25,3.35544e+07,25.000,10,15,16,8,3,45.000,37.763,35.678,3.138e-05,16355,3.158e-05,4.688e-01,35.678,10,10,10,true,10.008406,8.406e-03,26,26,48.7,893379.5,38,872620.0,0.0,0,255.6,31.3,893715.1,2097518
14,16,4,2,label_masked,8xDefaultNoise,25.6,4.678,10,15,16,8,2,45.000,16.049,15.540,3.138e-05,0,3.138e-05,0.000e+00,15.540,10,10,10,true,9.999498,5.021e-04,0,26,48.7,893379.5,38,872620.0,12.7,0,216.8,28.3,893685.9,1573214
14,16,4,2,label_masked,2^25,3.35544e+07,25.000,10,15,16,8,2,45.000,16.049,15.540,3.138e-05,0,3.138e-05,0.000e+00,26.661,10,10,10,true,10.016099,1.610e-02,0,26,48.7,893379.5,38,872620.0,12.7,0,219.1,28.9,893688.7,1573214
77,128,7,0,paper_path,8xDefaultNoise,25.6,4.678,10,15,16,8,3,45.000,37.804,35.697,7.335e-05,16180,7.357e-05,4.962e-01,35.697,22,10,10,true,21.990610,9.390e-03,194,194,49.3,1602338.8,68,1565953.4,0.0,0,260.0,33.4,1602681.4,2097518
77,128,7,0,paper_path,2^25,3.35544e+07,25.000,10,15,16,8,3,45.000,37.804,35.697,7.335e-05,16180,7.357e-05,4.962e-01,35.697,22,10,10,true,22.086952,8.695e-02,194,194,49.3,1602338.8,68,1565953.4,0.0,0,261.2,34.0,1602683.3,2097518
77,128,7,0,label_masked,8xDefaultNoise,25.6,4.678,10,15,16,8,2,45.000,17.269,16.765,7.335e-05,0,7.335e-05,0.000e+00,16.765,22,10,10,true,21.990611,9.389e-03,0,194,49.3,1602338.8,68,1565953.4,12.0,0,217.6,29.0,1602646.7,1573214
77,128,7,0,label_masked,2^25,3.35544e+07,25.000,10,15,16,8,2,45.000,17.269,16.765,7.335e-05,0,7.335e-05,0.000e+00,26.666,22,10,10,true,21.873222,1.268e-01,0,194,49.3,1602338.8,68,1565953.4,12.0,0,218.5,29.0,1602647.5,1573214
77,128,7,1,paper_path,8xDefaultNoise,25.6,4.678,10,15,16,8,3,45.000,38.088,35.685,7.309e-05,16180,7.329e-05,4.962e-01,35.685,22,10,10,true,21.990644,9.356e-03,194,194,52.2,1608424.8,68,1571895.0,0.0,0,256.9,31.7,1608765.6,2097518
77,128,7,1,paper_path,2^25,3.35544e+07,25.000,10,15,16,8,3,45.000,38.088,35.685,7.309e-05,16180,7.329e-05,4.962e-01,35.685,22,10,10,true,21.890698,1.093e-01,194,194,52.2,1608424.8,68,1571895.0,0.0,0,256.5,31.3,1608764.8,2097518
77,128,7,1,label_masked,8xDefaultNoise,25.6,4.678,10,15,16,8,2,45.000,17.264,16.760,7.309e-05,0,7.309e-05,0.000e+00,16.760,22,10,10,true,21.990644,9.356e-03,0,194,52.2,1608424.8,68,1571895.0,13.4,0,214.3,27.0,1608731.6,1573214
77,128,7,1,label_masked,2^25,3.35544e+07,25.000,10,15,16,8,2,45.000,17.264,16.760,7.309e-05,0,7.309e-05,0.000e+00,26.661,22,10,10,true,21.926455,7.354e-02,0,194,52.2,1608424.8,68,1571895.0,13.4,0,219.7,29.0,1608739.1,1573214
77,128,7,2,paper_path,8xDefaultNoise,25.6,4.678,10,15,16,8,3,45.000,38.046,35.698,7.324e-05,16180,7.342e-05,4.962e-01,35.698,22,10,10,true,21.990626,9.374e-03,194,194,52.0,1604358.4,68,1567907.9,0.0,0,255.9,31.4,1604697.7,2097518
77,128,7,2,paper_path,2^25,3.35544e+07,25.000,10,15,16,8,3,45.000,38.046,35.698,7.324e-05,16180,7.342e-05,4.962e-01,35.698,22,10,10,true,22.077989,7.799e-02,194,194,52.0,1604358.4,68,1567907.9,0.0,0,257.4,31.4,1604699.2,2097518
77,128,7,2,label_masked,8xDefaultNoise,25.6,4.678,10,15,16,8,2,45.000,17.266,16.763,7.324e-05,0,7.324e-05,0.000e+00,16.763,22,10,10,true,21.990626,9.374e-03,0,194,52.0,1604358.4,68,1567907.9,11.8,0,214.5,27.0,1604663.7,1573214
77,128,7,2,label_masked,2^25,3.35544e+07,25.000,10,15,16,8,2,45.000,17.266,16.763,7.324e-05,0,7.324e-05,0.000e+00,26.659,22,10,10,true,21.898771,1.012e-01,0,194,52.0,1604358.4,68,1567907.9,11.8,0,214.7,27.1,1604664.0,1573214
100,128,7,0,paper_path,8xDefaultNoise,25.6,4.678,10,15,16,8,3,45.000,37.671,35.689,7.446e-05,16157,7.449e-05,4.962e-01,35.689,77,10,10,true,76.990470,9.530e-03,224,224,46.7,1605759.1,68,1569352.7,0.0,0,254.2,31.3,1606091.3,2097518
100,128,7,0,paper_path,2^25,3.35544e+07,25.000,10,15,16,8,3,45.000,37.671,35.689,7.446e-05,16157,7.449e-05,4.962e-01,35.689,77,10,10,true,76.913572,8.643e-02,224,224,46.7,1605759.1,68,1569352.7,0.0,0,255.6,31.4,1606092.8,2097518
100,128,7,0,label_masked,8xDefaultNoise,25.6,4.678,10,15,16,8,2,45.000,17.290,16.787,7.445e-05,0,7.445e-05,0.000e+00,16.787,77,10,10,true,76.990470,9.530e-03,0,224,46.7,1605759.1,68,1569352.7,11.8,0,215.1,27.6,1606060.3,1573214
100,128,7,0,label_masked,2^25,3.35544e+07,25.000,10,15,16,8,2,45.000,17.290,16.787,7.445e-05,0,7.445e-05,0.000e+00,26.660,77,10,10,true,76.870203,1.298e-01,0,224,46.7,1605759.1,68,1569352.7,11.8,0,218.8,28.9,1606065.3,1573214
100,128,7,1,paper_path,8xDefaultNoise,25.6,4.678,10,15,16,8,3,45.000,38.200,35.674,7.347e-05,16157,7.353e-05,4.962e-01,35.674,77,10,10,true,76.990596,9.404e-03,224,224,51.9,1606673.5,68,1570138.5,0.0,0,261.8,33.9,1607021.1,2097518
100,128,7,1,paper_path,2^25,3.35544e+07,25.000,10,15,16,8,3,45.000,38.200,35.674,7.347e-05,16157,7.353e-05,4.962e-01,35.674,77,10,10,true,76.872869,1.271e-01,224,224,51.9,1606673.5,68,1570138.5,0.0,0,262.0,33.7,1607021.1,2097518
100,128,7,1,label_masked,8xDefaultNoise,25.6,4.678,10,15,16,8,2,45.000,17.271,16.767,7.347e-05,0,7.347e-05,0.000e+00,16.767,77,10,10,true,76.990596,9.404e-03,0,224,51.9,1606673.5,68,1570138.5,11.8,0,217.7,28.7,1606983.6,1573214
100,128,7,1,label_masked,2^25,3.35544e+07,25.000,10,15,16,8,2,45.000,17.271,16.767,7.347e-05,0,7.347e-05,0.000e+00,26.659,77,10,10,true,76.913019,8.698e-02,0,224,51.9,1606673.5,68,1570138.5,11.8,0,219.9,28.9,1606986.1,1573214
100,128,7,2,paper_path,8xDefaultNoise,25.6,4.678,10,15,16,8,3,45.000,38.726,35.676,7.454e-05,16157,7.461e-05,4.962e-01,35.676,77,10,10,true,76.990458,9.542e-03,224,224,51.9,1602786.4,68,1566423.5,0.0,0,254.7,31.7,1603124.7,2097518
100,128,7,2,paper_path,2^25,3.35544e+07,25.000,10,15,16,8,3,45.000,38.726,35.676,7.454e-05,16157,7.461e-05,4.962e-01,35.676,77,10,10,true,76.898648,1.014e-01,224,224,51.9,1602786.4,68,1566423.5,0.0,0,255.4,31.3,1603125.0,2097518
100,128,7,2,label_masked,8xDefaultNoise,25.6,4.678,10,15,16,8,2,45.000,17.292,16.788,7.454e-05,0,7.454e-05,0.000e+00,16.788,77,10,10,true,76.990458,9.542e-03,0,224,51.9,1602786.4,68,1566423.5,12.3,0,214.8,27.2,1603092.6,1573214
100,128,7,2,label_masked,2^25,3.35544e+07,25.000,10,15,16,8,2,45.000,17.292,16.788,7.454e-05,0,7.454e-05,0.000e+00,26.663,77,10,10,true,77.085741,8.574e-02,0,224,51.9,1602786.4,68,1566423.5,12.3,0,218.1,28.5,1603097.3,1573214
